{"cameraMode":{"drawMode":0,"name":"Shaded","section":"Shading Mode"},"sceneLighting":true,"audioPlay":false,"sceneViewState":{"m_AlwaysRefresh":false,"showFog":true,"showSkybox":true,"showFlares":true,"showImageEffects":true,"showParticleSystems":true,"showVisualEffectGraphs":true,"m_FxEnabled":true},"in2DMode":false,"pivot":{"x":1.4252732992172242,"y":-95.83424377441406,"z":7.239810466766357},"rotation":{"x":0.6732533574104309,"y":-0.004646780900657177,"z":0.004255028907209635,"w":0.7394137978553772},"size":63.481292724609378,"orthographic":false}